"Size","Technology","Model_year","Sector","Phase","Lcia_method","Unit","Value","Scenario","Sens_analysis"
"Car","BEV100",2018,"Manufacturing","Battery production","ipcc_2013","kg CO2 eq",3186.84039467558,"","Default"
"Light truck","BEV100",2018,"Manufacturing","Battery production","ipcc_2013","kg CO2 eq",2273.68421068228,"","Default"
"Car","BEV300",2018,"Manufacturing","Battery production","ipcc_2013","kg CO2 eq",6744.08109667536,"","Default"
"Light truck","BEV300",2018,"Manufacturing","Battery production","ipcc_2013","kg CO2 eq",8111.29698713256,"","Default"
"Car","BEV100",2030,"Manufacturing","Battery production","ipcc_2013","kg CO2 eq",2596.41367089928,"SSP1","Default"
"Light truck","BEV100",2030,"Manufacturing","Battery production","ipcc_2013","kg CO2 eq",1859.16605177793,"SSP1","Default"
"Car","BEV300",2030,"Manufacturing","Battery production","ipcc_2013","kg CO2 eq",5424.46713566735,"SSP1","Default"
"Light truck","BEV300",2030,"Manufacturing","Battery production","ipcc_2013","kg CO2 eq",6529.17846769646,"SSP1","Default"
"Car","BEV100",2018,"Manufacturing","Vehicle production","ipcc_2013","kg CO2 eq",238.3140749,"","Default"
"Light truck","BEV100",2018,"Manufacturing","Vehicle production","ipcc_2013","kg CO2 eq",238.3140749,"","Default"
"Car","BEV300",2018,"Manufacturing","Vehicle production","ipcc_2013","kg CO2 eq",238.3140749,"","Default"
"Light truck","BEV300",2018,"Manufacturing","Vehicle production","ipcc_2013","kg CO2 eq",238.3140749,"","Default"
"Car","ICEV-G",2018,"Manufacturing","Vehicle production","ipcc_2013","kg CO2 eq",238.3140749,"","Default"
"Light truck","ICEV-G",2018,"Manufacturing","Vehicle production","ipcc_2013","kg CO2 eq",238.3140749,"","Default"
"Car","BEV100",2030,"Manufacturing","Vehicle production","ipcc_2013","kg CO2 eq",238.3140749,"SSP1","Default"
"Light truck","BEV100",2030,"Manufacturing","Vehicle production","ipcc_2013","kg CO2 eq",238.3140749,"SSP1","Default"
"Car","BEV300",2030,"Manufacturing","Vehicle production","ipcc_2013","kg CO2 eq",238.3140749,"SSP1","Default"
"Light truck","BEV300",2030,"Manufacturing","Vehicle production","ipcc_2013","kg CO2 eq",238.3140749,"SSP1","Default"
"Car","ICEV-G",2030,"Manufacturing","Vehicle production","ipcc_2013","kg CO2 eq",238.3140749,"","Default"
"Light truck","ICEV-G",2030,"Manufacturing","Vehicle production","ipcc_2013","kg CO2 eq",238.3140749,"","Default"
"Car","BEV100",2018,"Energy","Fuel Production","ipcc_2013","kg CO2 eq",18297.3763677011,"","Default"
"Light truck","BEV100",2018,"Energy","Fuel Production","ipcc_2013","kg CO2 eq",29172.2381002614,"","Default"
"Car","BEV300",2018,"Energy","Fuel Production","ipcc_2013","kg CO2 eq",25541.1183933531,"","Default"
"Light truck","BEV300",2018,"Energy","Fuel Production","ipcc_2013","kg CO2 eq",36430.4156091302,"","Default"
"Car","ICEV-G",2018,"Energy","Fuel Production","ipcc_2013","kg CO2 eq",13933.2640405776,"","Default"
"Light truck","ICEV-G",2018,"Energy","Fuel Production","ipcc_2013","kg CO2 eq",19882.0574873269,"","Default"
"Car","BEV100",2030,"Energy","Fuel Production","ipcc_2013","kg CO2 eq",14538.8718276692,"SSP1","Default"
"Light truck","BEV100",2030,"Energy","Fuel Production","ipcc_2013","kg CO2 eq",23750.2312347722,"SSP1","Default"
"Car","BEV300",2030,"Energy","Fuel Production","ipcc_2013","kg CO2 eq",19393.1601108507,"SSP1","Default"
"Light truck","BEV300",2030,"Energy","Fuel Production","ipcc_2013","kg CO2 eq",28816.8162953759,"SSP1","Default"
"Car","ICEV-G",2030,"Energy","Fuel Production","ipcc_2013","kg CO2 eq",13906.8046796215,"","Default"
"Light truck","ICEV-G",2030,"Energy","Fuel Production","ipcc_2013","kg CO2 eq",19646.7819913876,"","Default"
"Car","ICEV-G",2018,"Transportation","Fuel Use","ipcc_2013","kg CO2 eq",52204.0530551416,"","Default"
"Light truck","ICEV-G",2018,"Transportation","Fuel Use","ipcc_2013","kg CO2 eq",74492.5224190874,"","Default"
"Car","ICEV-G",2030,"Transportation","Fuel Use","ipcc_2013","kg CO2 eq",52104.9172116569,"","Default"
"Light truck","ICEV-G",2030,"Transportation","Fuel Use","ipcc_2013","kg CO2 eq",73611.0107763868,"","Default"
"Car","BEV100",2018,"Manufacturing","Vehicle production","ipcc_2013","kg CO2 eq",1355.24326183101,"","Default"
"Light truck","BEV100",2018,"Manufacturing","Vehicle production","ipcc_2013","kg CO2 eq",1592.56717432925,"","Default"
"Car","BEV300",2018,"Manufacturing","Vehicle production","ipcc_2013","kg CO2 eq",1370.69681055713,"","Default"
"Light truck","BEV300",2018,"Manufacturing","Vehicle production","ipcc_2013","kg CO2 eq",1626.97956321217,"","Default"
"Car","ICEV-G",2018,"Manufacturing","Vehicle production","ipcc_2013","kg CO2 eq",1621.35571157073,"","Default"
"Light truck","ICEV-G",2018,"Manufacturing","Vehicle production","ipcc_2013","kg CO2 eq",1848.15748958771,"","Default"
"Car","BEV100",2030,"Manufacturing","Vehicle production","ipcc_2013","kg CO2 eq",1346.81782488135,"SSP1","Default"
"Light truck","BEV100",2030,"Manufacturing","Vehicle production","ipcc_2013","kg CO2 eq",1590.1239363041,"SSP1","Default"
"Car","BEV300",2030,"Manufacturing","Vehicle production","ipcc_2013","kg CO2 eq",1336.15934374531,"SSP1","Default"
"Light truck","BEV300",2030,"Manufacturing","Vehicle production","ipcc_2013","kg CO2 eq",1579.21019332213,"SSP1","Default"
"Car","ICEV-G",2030,"Manufacturing","Vehicle production","ipcc_2013","kg CO2 eq",1639.63867012166,"","Default"
"Light truck","ICEV-G",2030,"Manufacturing","Vehicle production","ipcc_2013","kg CO2 eq",1865.69651723837,"","Default"
"Car","BEV100",2018,"Manufacturing","Vehicle production","ipcc_2013","kg CO2 eq",2142.19287346943,"","Default"
"Light truck","BEV100",2018,"Manufacturing","Vehicle production","ipcc_2013","kg CO2 eq",3023.20781833788,"","Default"
"Car","BEV300",2018,"Manufacturing","Vehicle production","ipcc_2013","kg CO2 eq",2182.54314051429,"","Default"
"Light truck","BEV300",2018,"Manufacturing","Vehicle production","ipcc_2013","kg CO2 eq",3112.99373988286,"","Default"
"Car","ICEV-G",2018,"Manufacturing","Vehicle production","ipcc_2013","kg CO2 eq",2630.23891389876,"","Default"
"Light truck","ICEV-G",2018,"Manufacturing","Vehicle production","ipcc_2013","kg CO2 eq",3412.30609944103,"","Default"
"Car","BEV100",2030,"Manufacturing","Vehicle production","ipcc_2013","kg CO2 eq",1946.69739023964,"SSP1","Default"
"Light truck","BEV100",2030,"Manufacturing","Vehicle production","ipcc_2013","kg CO2 eq",2775.67201072737,"SSP1","Default"
"Car","BEV300",2030,"Manufacturing","Vehicle production","ipcc_2013","kg CO2 eq",1874.19840217935,"SSP1","Default"
"Light truck","BEV300",2030,"Manufacturing","Vehicle production","ipcc_2013","kg CO2 eq",2665.60487448878,"SSP1","Default"
"Car","ICEV-G",2030,"Manufacturing","Vehicle production","ipcc_2013","kg CO2 eq",2500.11789988834,"","Default"
"Light truck","ICEV-G",2030,"Manufacturing","Vehicle production","ipcc_2013","kg CO2 eq",3240.01689032013,"","Default"
"Car","BEV100",2018,"Manufacturing","Vehicle production","ipcc_2013","kg CO2 eq",336.559407129186,"","Default"
"Light truck","BEV100",2018,"Manufacturing","Vehicle production","ipcc_2013","kg CO2 eq",484.904873169852,"","Default"
"Car","BEV300",2018,"Manufacturing","Vehicle production","ipcc_2013","kg CO2 eq",358.697252684311,"","Default"
"Light truck","BEV300",2018,"Manufacturing","Vehicle production","ipcc_2013","kg CO2 eq",534.188265048469,"","Default"
"Car","ICEV-G",2018,"Manufacturing","Vehicle production","ipcc_2013","kg CO2 eq",425.8384196242,"","Default"
"Light truck","ICEV-G",2018,"Manufacturing","Vehicle production","ipcc_2013","kg CO2 eq",535.657220291433,"","Default"
"Car","BEV100",2030,"Manufacturing","Vehicle production","ipcc_2013","kg CO2 eq",357.780476447166,"SSP1","Default"
"Light truck","BEV100",2030,"Manufacturing","Vehicle production","ipcc_2013","kg CO2 eq",523.532387234017,"SSP1","Default"
"Car","BEV300",2030,"Manufacturing","Vehicle production","ipcc_2013","kg CO2 eq",362.250191459594,"SSP1","Default"
"Light truck","BEV300",2030,"Manufacturing","Vehicle production","ipcc_2013","kg CO2 eq",541.807517038683,"SSP1","Default"
"Car","ICEV-G",2030,"Manufacturing","Vehicle production","ipcc_2013","kg CO2 eq",469.103667330088,"","Default"
"Light truck","ICEV-G",2030,"Manufacturing","Vehicle production","ipcc_2013","kg CO2 eq",585.349572990851,"","Default"
"Car","BEV100",2030,"Manufacturing","Battery production","ipcc_2013","kg CO2 eq",2596.41367089928,"SSP2","Default"
"Light truck","BEV100",2030,"Manufacturing","Battery production","ipcc_2013","kg CO2 eq",1859.16605177793,"SSP2","Default"
"Car","BEV300",2030,"Manufacturing","Battery production","ipcc_2013","kg CO2 eq",5424.46713566735,"SSP2","Default"
"Light truck","BEV300",2030,"Manufacturing","Battery production","ipcc_2013","kg CO2 eq",6529.17846769646,"SSP2","Default"
"Car","BEV100",2030,"Manufacturing","Vehicle production","ipcc_2013","kg CO2 eq",238.3140749,"SSP2","Default"
"Light truck","BEV100",2030,"Manufacturing","Vehicle production","ipcc_2013","kg CO2 eq",238.3140749,"SSP2","Default"
"Car","BEV300",2030,"Manufacturing","Vehicle production","ipcc_2013","kg CO2 eq",238.3140749,"SSP2","Default"
"Light truck","BEV300",2030,"Manufacturing","Vehicle production","ipcc_2013","kg CO2 eq",238.3140749,"SSP2","Default"
"Car","BEV100",2030,"Energy","Fuel Production","ipcc_2013","kg CO2 eq",16213.3007785924,"SSP2","Default"
"Light truck","BEV100",2030,"Energy","Fuel Production","ipcc_2013","kg CO2 eq",26434.1444315142,"SSP2","Default"
"Car","BEV300",2030,"Energy","Fuel Production","ipcc_2013","kg CO2 eq",21784.4164441468,"SSP2","Default"
"Light truck","BEV300",2030,"Energy","Fuel Production","ipcc_2013","kg CO2 eq",32324.7195884912,"SSP2","Default"
"Car","BEV100",2030,"Manufacturing","Vehicle production","ipcc_2013","kg CO2 eq",1346.81782488135,"SSP2","Default"
"Light truck","BEV100",2030,"Manufacturing","Vehicle production","ipcc_2013","kg CO2 eq",1590.1239363041,"SSP2","Default"
"Car","BEV300",2030,"Manufacturing","Vehicle production","ipcc_2013","kg CO2 eq",1336.15934374531,"SSP2","Default"
"Light truck","BEV300",2030,"Manufacturing","Vehicle production","ipcc_2013","kg CO2 eq",1579.21019332213,"SSP2","Default"
"Car","BEV100",2030,"Manufacturing","Vehicle production","ipcc_2013","kg CO2 eq",1959.00060780281,"SSP2","Default"
"Light truck","BEV100",2030,"Manufacturing","Vehicle production","ipcc_2013","kg CO2 eq",2793.91176372603,"SSP2","Default"
"Car","BEV300",2030,"Manufacturing","Vehicle production","ipcc_2013","kg CO2 eq",1887.089930716,"SSP2","Default"
"Light truck","BEV300",2030,"Manufacturing","Vehicle production","ipcc_2013","kg CO2 eq",2685.42131346363,"SSP2","Default"
"Car","BEV100",2030,"Manufacturing","Vehicle production","ipcc_2013","kg CO2 eq",355.545305502103,"SSP2","Default"
"Light truck","BEV100",2030,"Manufacturing","Vehicle production","ipcc_2013","kg CO2 eq",520.218703985033,"SSP2","Default"
"Car","BEV300",2030,"Manufacturing","Vehicle production","ipcc_2013","kg CO2 eq",359.908139888562,"SSP2","Default"
"Light truck","BEV300",2030,"Manufacturing","Vehicle production","ipcc_2013","kg CO2 eq",538.207391428959,"SSP2","Default"
"Car","BEV100",2030,"Manufacturing","Battery production","ipcc_2013","kg CO2 eq",2596.41367089928,"SSP5","Default"
"Light truck","BEV100",2030,"Manufacturing","Battery production","ipcc_2013","kg CO2 eq",1859.16605177793,"SSP5","Default"
"Car","BEV300",2030,"Manufacturing","Battery production","ipcc_2013","kg CO2 eq",5424.46713566735,"SSP5","Default"
"Light truck","BEV300",2030,"Manufacturing","Battery production","ipcc_2013","kg CO2 eq",6529.17846769646,"SSP5","Default"
"Car","BEV100",2030,"Manufacturing","Vehicle production","ipcc_2013","kg CO2 eq",238.3140749,"SSP5","Default"
"Light truck","BEV100",2030,"Manufacturing","Vehicle production","ipcc_2013","kg CO2 eq",238.3140749,"SSP5","Default"
"Car","BEV300",2030,"Manufacturing","Vehicle production","ipcc_2013","kg CO2 eq",238.3140749,"SSP5","Default"
"Light truck","BEV300",2030,"Manufacturing","Vehicle production","ipcc_2013","kg CO2 eq",238.3140749,"SSP5","Default"
"Car","BEV100",2030,"Energy","Fuel Production","ipcc_2013","kg CO2 eq",15272.5096059097,"SSP5","Default"
"Light truck","BEV100",2030,"Energy","Fuel Production","ipcc_2013","kg CO2 eq",25197.9153965761,"SSP5","Default"
"Car","BEV300",2030,"Energy","Fuel Production","ipcc_2013","kg CO2 eq",18892.9144662516,"SSP5","Default"
"Light truck","BEV300",2030,"Energy","Fuel Production","ipcc_2013","kg CO2 eq",28653.5168147094,"SSP5","Default"
"Car","BEV100",2030,"Manufacturing","Vehicle production","ipcc_2013","kg CO2 eq",1346.81782488135,"SSP5","Default"
"Light truck","BEV100",2030,"Manufacturing","Vehicle production","ipcc_2013","kg CO2 eq",1590.1239363041,"SSP5","Default"
"Car","BEV300",2030,"Manufacturing","Vehicle production","ipcc_2013","kg CO2 eq",1336.15934374531,"SSP5","Default"
"Light truck","BEV300",2030,"Manufacturing","Vehicle production","ipcc_2013","kg CO2 eq",1579.21019332213,"SSP5","Default"
"Car","BEV100",2030,"Manufacturing","Vehicle production","ipcc_2013","kg CO2 eq",2011.07216420607,"SSP5","Default"
"Light truck","BEV100",2030,"Manufacturing","Vehicle production","ipcc_2013","kg CO2 eq",2871.108832068,"SSP5","Default"
"Car","BEV300",2030,"Manufacturing","Vehicle production","ipcc_2013","kg CO2 eq",1941.65142667212,"SSP5","Default"
"Light truck","BEV300",2030,"Manufacturing","Vehicle production","ipcc_2013","kg CO2 eq",2769.29147299644,"SSP5","Default"
"Car","BEV100",2030,"Manufacturing","Vehicle production","ipcc_2013","kg CO2 eq",346.08527365766,"SSP5","Default"
"Light truck","BEV100",2030,"Manufacturing","Vehicle production","ipcc_2013","kg CO2 eq",506.194027650083,"SSP5","Default"
"Car","BEV300",2030,"Manufacturing","Vehicle production","ipcc_2013","kg CO2 eq",349.995751535349,"SSP5","Default"
"Light truck","BEV300",2030,"Manufacturing","Vehicle production","ipcc_2013","kg CO2 eq",522.970389987432,"SSP5","Default"
"Car","BEV100",2018,"Manufacturing","Battery production","ipcc_2013","kg CO2 eq",741.058646667375,"","min"
"Light truck","BEV100",2018,"Manufacturing","Battery production","ipcc_2013","kg CO2 eq",1535.65513794995,"","min"
"Car","BEV300",2018,"Manufacturing","Battery production","ipcc_2013","kg CO2 eq",2282.32732927936,"","min"
"Light truck","BEV300",2018,"Manufacturing","Battery production","ipcc_2013","kg CO2 eq",2447.83157911527,"","min"
"Car","BEV100",2030,"Manufacturing","Battery production","ipcc_2013","kg CO2 eq",606.950872367189,"SSP1","min"
"Light truck","BEV100",2030,"Manufacturing","Battery production","ipcc_2013","kg CO2 eq",1252.41622089918,"SSP1","min"
"Car","BEV300",2030,"Manufacturing","Battery production","ipcc_2013","kg CO2 eq",1846.38086152828,"SSP1","min"
"Light truck","BEV300",2030,"Manufacturing","Battery production","ipcc_2013","kg CO2 eq",1976.56568756296,"SSP1","min"
"Car","BEV100",2018,"Manufacturing","Vehicle production","ipcc_2013","kg CO2 eq",238.3140749,"","min"
"Light truck","BEV100",2018,"Manufacturing","Vehicle production","ipcc_2013","kg CO2 eq",238.3140749,"","min"
"Car","BEV300",2018,"Manufacturing","Vehicle production","ipcc_2013","kg CO2 eq",238.3140749,"","min"
"Light truck","BEV300",2018,"Manufacturing","Vehicle production","ipcc_2013","kg CO2 eq",238.3140749,"","min"
"Car","ICEV-G",2018,"Manufacturing","Vehicle production","ipcc_2013","kg CO2 eq",238.3140749,"","min"
"Light truck","ICEV-G",2018,"Manufacturing","Vehicle production","ipcc_2013","kg CO2 eq",238.3140749,"","min"
"Car","BEV100",2030,"Manufacturing","Vehicle production","ipcc_2013","kg CO2 eq",238.3140749,"SSP1","min"
"Light truck","BEV100",2030,"Manufacturing","Vehicle production","ipcc_2013","kg CO2 eq",238.3140749,"SSP1","min"
"Car","BEV300",2030,"Manufacturing","Vehicle production","ipcc_2013","kg CO2 eq",238.3140749,"SSP1","min"
"Light truck","BEV300",2030,"Manufacturing","Vehicle production","ipcc_2013","kg CO2 eq",238.3140749,"SSP1","min"
"Car","ICEV-G",2030,"Manufacturing","Vehicle production","ipcc_2013","kg CO2 eq",238.3140749,"","min"
"Light truck","ICEV-G",2030,"Manufacturing","Vehicle production","ipcc_2013","kg CO2 eq",238.3140749,"","min"
"Car","BEV100",2018,"Energy","Fuel Production","ipcc_2013","kg CO2 eq",18297.3763677011,"","min"
"Light truck","BEV100",2018,"Energy","Fuel Production","ipcc_2013","kg CO2 eq",29172.2381002614,"","min"
"Car","BEV300",2018,"Energy","Fuel Production","ipcc_2013","kg CO2 eq",25541.1183933531,"","min"
"Light truck","BEV300",2018,"Energy","Fuel Production","ipcc_2013","kg CO2 eq",35033.9213265187,"","min"
"Car","ICEV-G",2018,"Energy","Fuel Production","ipcc_2013","kg CO2 eq",13933.2640405776,"","min"
"Light truck","ICEV-G",2018,"Energy","Fuel Production","ipcc_2013","kg CO2 eq",19882.0574873269,"","min"
"Car","BEV100",2030,"Energy","Fuel Production","ipcc_2013","kg CO2 eq",13681.8523608923,"SSP1","min"
"Light truck","BEV100",2030,"Energy","Fuel Production","ipcc_2013","kg CO2 eq",23635.0932360733,"SSP1","min"
"Car","BEV300",2030,"Energy","Fuel Production","ipcc_2013","kg CO2 eq",18933.7898508512,"SSP1","min"
"Light truck","BEV300",2030,"Energy","Fuel Production","ipcc_2013","kg CO2 eq",20043.9733713372,"SSP1","min"
"Car","ICEV-G",2030,"Energy","Fuel Production","ipcc_2013","kg CO2 eq",13906.8046796215,"","min"
"Light truck","ICEV-G",2030,"Energy","Fuel Production","ipcc_2013","kg CO2 eq",19648.9974958529,"","min"
"Car","ICEV-G",2018,"Transportation","Fuel Use","ipcc_2013","kg CO2 eq",52204.0530551416,"","min"
"Light truck","ICEV-G",2018,"Transportation","Fuel Use","ipcc_2013","kg CO2 eq",74492.5224190874,"","min"
"Car","ICEV-G",2030,"Transportation","Fuel Use","ipcc_2013","kg CO2 eq",52104.9172116569,"","min"
"Light truck","ICEV-G",2030,"Transportation","Fuel Use","ipcc_2013","kg CO2 eq",73619.3116535044,"","min"
"Car","BEV100",2018,"Manufacturing","Vehicle production","ipcc_2013","kg CO2 eq",1080.06885238253,"","min"
"Light truck","BEV100",2018,"Manufacturing","Vehicle production","ipcc_2013","kg CO2 eq",1142.4212210352,"","min"
"Car","BEV300",2018,"Manufacturing","Vehicle production","ipcc_2013","kg CO2 eq",1091.53636219999,"","min"
"Light truck","BEV300",2018,"Manufacturing","Vehicle production","ipcc_2013","kg CO2 eq",1161.59007841081,"","min"
"Car","ICEV-G",2018,"Manufacturing","Vehicle production","ipcc_2013","kg CO2 eq",1298.04694951395,"","min"
"Light truck","ICEV-G",2018,"Manufacturing","Vehicle production","ipcc_2013","kg CO2 eq",1430.47433990295,"","min"
"Car","BEV100",2030,"Manufacturing","Vehicle production","ipcc_2013","kg CO2 eq",1080.90709904213,"SSP1","min"
"Light truck","BEV100",2030,"Manufacturing","Vehicle production","ipcc_2013","kg CO2 eq",1137.11349074854,"SSP1","min"
"Car","BEV300",2030,"Manufacturing","Vehicle production","ipcc_2013","kg CO2 eq",1079.41556354695,"SSP1","min"
"Light truck","BEV300",2030,"Manufacturing","Vehicle production","ipcc_2013","kg CO2 eq",1147.10345349898,"SSP1","min"
"Car","ICEV-G",2030,"Manufacturing","Vehicle production","ipcc_2013","kg CO2 eq",1310.41582102043,"","min"
"Light truck","ICEV-G",2030,"Manufacturing","Vehicle production","ipcc_2013","kg CO2 eq",1442.62200034257,"","min"
"Car","BEV100",2018,"Manufacturing","Vehicle production","ipcc_2013","kg CO2 eq",1991.85185674507,"","min"
"Light truck","BEV100",2018,"Manufacturing","Vehicle production","ipcc_2013","kg CO2 eq",2405.29181861158,"","min"
"Car","BEV300",2018,"Manufacturing","Vehicle production","ipcc_2013","kg CO2 eq",2030.59692539197,"","min"
"Light truck","BEV300",2018,"Manufacturing","Vehicle production","ipcc_2013","kg CO2 eq",2470.40032109486,"","min"
"Car","ICEV-G",2018,"Manufacturing","Vehicle production","ipcc_2013","kg CO2 eq",2453.23754588982,"","min"
"Light truck","ICEV-G",2018,"Manufacturing","Vehicle production","ipcc_2013","kg CO2 eq",3192.31702719209,"","min"
"Car","BEV100",2030,"Manufacturing","Vehicle production","ipcc_2013","kg CO2 eq",1827.22618431001,"SSP1","min"
"Light truck","BEV100",2030,"Manufacturing","Vehicle production","ipcc_2013","kg CO2 eq",2156.86019000584,"SSP1","min"
"Car","BEV300",2030,"Manufacturing","Vehicle production","ipcc_2013","kg CO2 eq",1766.63078470887,"SSP1","min"
"Light truck","BEV300",2030,"Manufacturing","Vehicle production","ipcc_2013","kg CO2 eq",2137.42790208016,"SSP1","min"
"Car","ICEV-G",2030,"Manufacturing","Vehicle production","ipcc_2013","kg CO2 eq",2313.19248223197,"","min"
"Light truck","ICEV-G",2030,"Manufacturing","Vehicle production","ipcc_2013","kg CO2 eq",2999.61639201963,"","min"
"Car","BEV100",2018,"Manufacturing","Vehicle production","ipcc_2013","kg CO2 eq",335.508488713328,"","min"
"Light truck","BEV100",2018,"Manufacturing","Vehicle production","ipcc_2013","kg CO2 eq",416.309085769982,"","min"
"Car","BEV300",2018,"Manufacturing","Vehicle production","ipcc_2013","kg CO2 eq",357.529071002356,"","min"
"Light truck","BEV300",2018,"Manufacturing","Vehicle production","ipcc_2013","kg CO2 eq",453.051427694128,"","min"
"Car","ICEV-G",2018,"Manufacturing","Vehicle production","ipcc_2013","kg CO2 eq",424.668227928713,"","min"
"Light truck","ICEV-G",2018,"Manufacturing","Vehicle production","ipcc_2013","kg CO2 eq",546.872132492793,"","min"
"Car","BEV100",2030,"Manufacturing","Vehicle production","ipcc_2013","kg CO2 eq",365.578072844252,"SSP1","min"
"Light truck","BEV100",2030,"Manufacturing","Vehicle production","ipcc_2013","kg CO2 eq",445.055262206793,"SSP1","min"
"Car","BEV300",2030,"Manufacturing","Vehicle production","ipcc_2013","kg CO2 eq",371.526523510713,"SSP1","min"
"Light truck","BEV300",2030,"Manufacturing","Vehicle production","ipcc_2013","kg CO2 eq",472.996490349961,"SSP1","min"
"Car","ICEV-G",2030,"Manufacturing","Vehicle production","ipcc_2013","kg CO2 eq",469.103667330088,"","min"
"Light truck","ICEV-G",2030,"Manufacturing","Vehicle production","ipcc_2013","kg CO2 eq",599.984748681545,"","min"
"Car","BEV100",2030,"Manufacturing","Battery production","ipcc_2013","kg CO2 eq",606.950872367189,"SSP2","min"
"Light truck","BEV100",2030,"Manufacturing","Battery production","ipcc_2013","kg CO2 eq",1252.41622089918,"SSP2","min"
"Car","BEV300",2030,"Manufacturing","Battery production","ipcc_2013","kg CO2 eq",1846.38086152828,"SSP2","min"
"Light truck","BEV300",2030,"Manufacturing","Battery production","ipcc_2013","kg CO2 eq",1976.56568756296,"SSP2","min"
"Car","BEV100",2030,"Manufacturing","Vehicle production","ipcc_2013","kg CO2 eq",238.3140749,"SSP2","min"
"Light truck","BEV100",2030,"Manufacturing","Vehicle production","ipcc_2013","kg CO2 eq",238.3140749,"SSP2","min"
"Car","BEV300",2030,"Manufacturing","Vehicle production","ipcc_2013","kg CO2 eq",238.3140749,"SSP2","min"
"Light truck","BEV300",2030,"Manufacturing","Vehicle production","ipcc_2013","kg CO2 eq",238.3140749,"SSP2","min"
"Car","BEV100",2030,"Energy","Fuel Production","ipcc_2013","kg CO2 eq",15257.5791412698,"SSP2","min"
"Light truck","BEV100",2030,"Energy","Fuel Production","ipcc_2013","kg CO2 eq",26305.9951744786,"SSP2","min"
"Car","BEV300",2030,"Energy","Fuel Production","ipcc_2013","kg CO2 eq",21268.4039434154,"SSP2","min"
"Light truck","BEV300",2030,"Energy","Fuel Production","ipcc_2013","kg CO2 eq",22483.9486786619,"SSP2","min"
"Car","BEV100",2030,"Manufacturing","Vehicle production","ipcc_2013","kg CO2 eq",1080.90709904213,"SSP2","min"
"Light truck","BEV100",2030,"Manufacturing","Vehicle production","ipcc_2013","kg CO2 eq",1137.11349074854,"SSP2","min"
"Car","BEV300",2030,"Manufacturing","Vehicle production","ipcc_2013","kg CO2 eq",1079.41556354695,"SSP2","min"
"Light truck","BEV300",2030,"Manufacturing","Vehicle production","ipcc_2013","kg CO2 eq",1147.10345349898,"SSP2","min"
"Car","BEV100",2030,"Manufacturing","Vehicle production","ipcc_2013","kg CO2 eq",1844.53991129379,"SSP2","min"
"Light truck","BEV100",2030,"Manufacturing","Vehicle production","ipcc_2013","kg CO2 eq",2178.3057789909,"SSP2","min"
"Car","BEV300",2030,"Manufacturing","Vehicle production","ipcc_2013","kg CO2 eq",1784.82547500512,"SSP2","min"
"Light truck","BEV300",2030,"Manufacturing","Vehicle production","ipcc_2013","kg CO2 eq",2161.28009857149,"SSP2","min"
"Car","BEV100",2030,"Manufacturing","Vehicle production","ipcc_2013","kg CO2 eq",362.43262415929,"SSP2","min"
"Light truck","BEV100",2030,"Manufacturing","Vehicle production","ipcc_2013","kg CO2 eq",441.159162901629,"SSP2","min"
"Car","BEV300",2030,"Manufacturing","Vehicle production","ipcc_2013","kg CO2 eq",368.221026969198,"SSP2","min"
"Light truck","BEV300",2030,"Manufacturing","Vehicle production","ipcc_2013","kg CO2 eq",468.663173776503,"SSP2","min"
"Car","BEV100",2030,"Manufacturing","Battery production","ipcc_2013","kg CO2 eq",606.950872367189,"SSP5","min"
"Light truck","BEV100",2030,"Manufacturing","Battery production","ipcc_2013","kg CO2 eq",1252.41622089918,"SSP5","min"
"Car","BEV300",2030,"Manufacturing","Battery production","ipcc_2013","kg CO2 eq",1846.38086152828,"SSP5","min"
"Light truck","BEV300",2030,"Manufacturing","Battery production","ipcc_2013","kg CO2 eq",1976.56568756296,"SSP5","min"
"Car","BEV100",2030,"Manufacturing","Vehicle production","ipcc_2013","kg CO2 eq",238.3140749,"SSP5","min"
"Light truck","BEV100",2030,"Manufacturing","Vehicle production","ipcc_2013","kg CO2 eq",238.3140749,"SSP5","min"
"Car","BEV300",2030,"Manufacturing","Vehicle production","ipcc_2013","kg CO2 eq",238.3140749,"SSP5","min"
"Light truck","BEV300",2030,"Manufacturing","Vehicle production","ipcc_2013","kg CO2 eq",238.3140749,"SSP5","min"
"Car","BEV100",2030,"Energy","Fuel Production","ipcc_2013","kg CO2 eq",14372.2445651318,"SSP5","min"
"Light truck","BEV100",2030,"Energy","Fuel Production","ipcc_2013","kg CO2 eq",25075.7592153808,"SSP5","min"
"Car","BEV300",2030,"Energy","Fuel Production","ipcc_2013","kg CO2 eq",18445.3936403057,"SSP5","min"
"Light truck","BEV300",2030,"Energy","Fuel Production","ipcc_2013","kg CO2 eq",19930.3879423126,"SSP5","min"
"Car","BEV100",2030,"Manufacturing","Vehicle production","ipcc_2013","kg CO2 eq",1080.90709904213,"SSP5","min"
"Light truck","BEV100",2030,"Manufacturing","Vehicle production","ipcc_2013","kg CO2 eq",1137.11349074854,"SSP5","min"
"Car","BEV300",2030,"Manufacturing","Vehicle production","ipcc_2013","kg CO2 eq",1079.41556354695,"SSP5","min"
"Light truck","BEV300",2030,"Manufacturing","Vehicle production","ipcc_2013","kg CO2 eq",1147.10345349898,"SSP5","min"
"Car","BEV100",2030,"Manufacturing","Vehicle production","ipcc_2013","kg CO2 eq",1897.33951678488,"SSP5","min"
"Light truck","BEV100",2030,"Manufacturing","Vehicle production","ipcc_2013","kg CO2 eq",2243.70583057979,"SSP5","min"
"Car","BEV300",2030,"Manufacturing","Vehicle production","ipcc_2013","kg CO2 eq",1840.3116491012,"SSP5","min"
"Light truck","BEV300",2030,"Manufacturing","Vehicle production","ipcc_2013","kg CO2 eq",2234.01929366324,"SSP5","min"
"Car","BEV100",2030,"Manufacturing","Vehicle production","ipcc_2013","kg CO2 eq",352.840324949879,"SSP5","min"
"Light truck","BEV100",2030,"Manufacturing","Vehicle production","ipcc_2013","kg CO2 eq",429.277694142219,"SSP5","min"
"Car","BEV300",2030,"Manufacturing","Vehicle production","ipcc_2013","kg CO2 eq",358.140648925371,"SSP5","min"
"Light truck","BEV300",2030,"Manufacturing","Vehicle production","ipcc_2013","kg CO2 eq",455.448375728637,"SSP5","min"
"Car","BEV100",2018,"Manufacturing","Battery production","ipcc_2013","kg CO2 eq",4604.56187839771,"","max"
"Light truck","BEV100",2018,"Manufacturing","Battery production","ipcc_2013","kg CO2 eq",6649.05356770754,"","max"
"Car","BEV300",2018,"Manufacturing","Battery production","ipcc_2013","kg CO2 eq",12799.5436546791,"","max"
"Light truck","BEV300",2018,"Manufacturing","Battery production","ipcc_2013","kg CO2 eq",15200.026948411,"","max"
"Car","BEV100",2030,"Manufacturing","Battery production","ipcc_2013","kg CO2 eq",3763.29801744847,"SSP1","max"
"Light truck","BEV100",2030,"Manufacturing","Battery production","ipcc_2013","kg CO2 eq",5422.44352062375,"SSP1","max"
"Car","BEV300",2030,"Manufacturing","Battery production","ipcc_2013","kg CO2 eq",10328.779129605,"SSP1","max"
"Light truck","BEV300",2030,"Manufacturing","Battery production","ipcc_2013","kg CO2 eq",12264.735430833,"SSP1","max"
"Car","BEV100",2018,"Manufacturing","Vehicle production","ipcc_2013","kg CO2 eq",238.3140749,"","max"
"Light truck","BEV100",2018,"Manufacturing","Vehicle production","ipcc_2013","kg CO2 eq",238.3140749,"","max"
"Car","BEV300",2018,"Manufacturing","Vehicle production","ipcc_2013","kg CO2 eq",238.3140749,"","max"
"Light truck","BEV300",2018,"Manufacturing","Vehicle production","ipcc_2013","kg CO2 eq",238.3140749,"","max"
"Car","ICEV-G",2018,"Manufacturing","Vehicle production","ipcc_2013","kg CO2 eq",238.3140749,"","max"
"Light truck","ICEV-G",2018,"Manufacturing","Vehicle production","ipcc_2013","kg CO2 eq",238.3140749,"","max"
"Car","BEV100",2030,"Manufacturing","Vehicle production","ipcc_2013","kg CO2 eq",238.3140749,"SSP1","max"
"Light truck","BEV100",2030,"Manufacturing","Vehicle production","ipcc_2013","kg CO2 eq",238.3140749,"SSP1","max"
"Car","BEV300",2030,"Manufacturing","Vehicle production","ipcc_2013","kg CO2 eq",238.3140749,"SSP1","max"
"Light truck","BEV300",2030,"Manufacturing","Vehicle production","ipcc_2013","kg CO2 eq",238.3140749,"SSP1","max"
"Car","ICEV-G",2030,"Manufacturing","Vehicle production","ipcc_2013","kg CO2 eq",238.3140749,"","max"
"Light truck","ICEV-G",2030,"Manufacturing","Vehicle production","ipcc_2013","kg CO2 eq",238.3140749,"","max"
"Car","BEV100",2018,"Energy","Fuel Production","ipcc_2013","kg CO2 eq",18297.3763677011,"","max"
"Light truck","BEV100",2018,"Energy","Fuel Production","ipcc_2013","kg CO2 eq",29172.2381002614,"","max"
"Car","BEV300",2018,"Energy","Fuel Production","ipcc_2013","kg CO2 eq",25541.1183933531,"","max"
"Light truck","BEV300",2018,"Energy","Fuel Production","ipcc_2013","kg CO2 eq",35033.9213265187,"","max"
"Car","ICEV-G",2018,"Energy","Fuel Production","ipcc_2013","kg CO2 eq",13933.2640405776,"","max"
"Light truck","ICEV-G",2018,"Energy","Fuel Production","ipcc_2013","kg CO2 eq",19882.0574873269,"","max"
"Car","BEV100",2030,"Energy","Fuel Production","ipcc_2013","kg CO2 eq",15638.3410693175,"SSP1","max"
"Light truck","BEV100",2030,"Energy","Fuel Production","ipcc_2013","kg CO2 eq",23632.9322766923,"SSP1","max"
"Car","BEV300",2030,"Energy","Fuel Production","ipcc_2013","kg CO2 eq",23224.6073805728,"SSP1","max"
"Light truck","BEV300",2030,"Energy","Fuel Production","ipcc_2013","kg CO2 eq",31646.9446886681,"SSP1","max"
"Car","ICEV-G",2030,"Energy","Fuel Production","ipcc_2013","kg CO2 eq",13892.0541140667,"","max"
"Light truck","ICEV-G",2030,"Energy","Fuel Production","ipcc_2013","kg CO2 eq",19635.8105578093,"","max"
"Car","ICEV-G",2018,"Transportation","Fuel Use","ipcc_2013","kg CO2 eq",52204.0530551416,"","max"
"Light truck","ICEV-G",2018,"Transportation","Fuel Use","ipcc_2013","kg CO2 eq",74492.5224190874,"","max"
"Car","ICEV-G",2030,"Transportation","Fuel Use","ipcc_2013","kg CO2 eq",52049.6509578508,"","max"
"Light truck","ICEV-G",2030,"Transportation","Fuel Use","ipcc_2013","kg CO2 eq",73569.9038757392,"","max"
"Car","BEV100",2018,"Manufacturing","Vehicle production","ipcc_2013","kg CO2 eq",1725.19928333292,"","max"
"Light truck","BEV100",2018,"Manufacturing","Vehicle production","ipcc_2013","kg CO2 eq",1884.51179890655,"","max"
"Car","BEV300",2018,"Manufacturing","Vehicle production","ipcc_2013","kg CO2 eq",1756.08110144192,"","max"
"Light truck","BEV300",2018,"Manufacturing","Vehicle production","ipcc_2013","kg CO2 eq",1925.50173956788,"","max"
"Car","ICEV-G",2018,"Manufacturing","Vehicle production","ipcc_2013","kg CO2 eq",1817.60320390019,"","max"
"Light truck","ICEV-G",2018,"Manufacturing","Vehicle production","ipcc_2013","kg CO2 eq",2152.96501498973,"","max"
"Car","BEV100",2030,"Manufacturing","Vehicle production","ipcc_2013","kg CO2 eq",1721.30140247958,"SSP1","max"
"Light truck","BEV100",2030,"Manufacturing","Vehicle production","ipcc_2013","kg CO2 eq",1870.90903654246,"SSP1","max"
"Car","BEV300",2030,"Manufacturing","Vehicle production","ipcc_2013","kg CO2 eq",1710.08634119758,"SSP1","max"
"Light truck","BEV300",2030,"Manufacturing","Vehicle production","ipcc_2013","kg CO2 eq",1865.82353854489,"SSP1","max"
"Car","ICEV-G",2030,"Manufacturing","Vehicle production","ipcc_2013","kg CO2 eq",1836.54729356621,"","max"
"Light truck","ICEV-G",2030,"Manufacturing","Vehicle production","ipcc_2013","kg CO2 eq",2172.10295914386,"","max"
"Car","BEV100",2018,"Manufacturing","Vehicle production","ipcc_2013","kg CO2 eq",3697.4722763135,"","max"
"Light truck","BEV100",2018,"Manufacturing","Vehicle production","ipcc_2013","kg CO2 eq",4332.36397806738,"","max"
"Car","BEV300",2018,"Manufacturing","Vehicle production","ipcc_2013","kg CO2 eq",3782.90603782107,"","max"
"Light truck","BEV300",2018,"Manufacturing","Vehicle production","ipcc_2013","kg CO2 eq",4445.29402382179,"","max"
"Car","ICEV-G",2018,"Manufacturing","Vehicle production","ipcc_2013","kg CO2 eq",3786.51833420574,"","max"
"Light truck","ICEV-G",2018,"Manufacturing","Vehicle production","ipcc_2013","kg CO2 eq",5074.79807682726,"","max"
"Car","BEV100",2030,"Manufacturing","Vehicle production","ipcc_2013","kg CO2 eq",3505.78249780928,"SSP1","max"
"Light truck","BEV100",2030,"Manufacturing","Vehicle production","ipcc_2013","kg CO2 eq",4076.70553247948,"SSP1","max"
"Car","BEV300",2030,"Manufacturing","Vehicle production","ipcc_2013","kg CO2 eq",3403.89734900379,"SSP1","max"
"Light truck","BEV300",2030,"Manufacturing","Vehicle production","ipcc_2013","kg CO2 eq",3980.27231371629,"SSP1","max"
"Car","ICEV-G",2030,"Manufacturing","Vehicle production","ipcc_2013","kg CO2 eq",3713.00264945722,"","max"
"Light truck","ICEV-G",2030,"Manufacturing","Vehicle production","ipcc_2013","kg CO2 eq",4958.4376949359,"","max"
"Car","BEV100",2018,"Manufacturing","Vehicle production","ipcc_2013","kg CO2 eq",766.460167018504,"","max"
"Light truck","BEV100",2018,"Manufacturing","Vehicle production","ipcc_2013","kg CO2 eq",895.443136061317,"","max"
"Car","BEV300",2018,"Manufacturing","Vehicle production","ipcc_2013","kg CO2 eq",810.913547733194,"","max"
"Light truck","BEV300",2018,"Manufacturing","Vehicle production","ipcc_2013","kg CO2 eq",954.654219097931,"","max"
"Car","ICEV-G",2018,"Manufacturing","Vehicle production","ipcc_2013","kg CO2 eq",745.174313137751,"","max"
"Light truck","ICEV-G",2018,"Manufacturing","Vehicle production","ipcc_2013","kg CO2 eq",988.781103408644,"","max"
"Car","BEV100",2030,"Manufacturing","Vehicle production","ipcc_2013","kg CO2 eq",794.062591972026,"SSP1","max"
"Light truck","BEV100",2030,"Manufacturing","Vehicle production","ipcc_2013","kg CO2 eq",918.395990276655,"SSP1","max"
"Car","BEV300",2030,"Manufacturing","Vehicle production","ipcc_2013","kg CO2 eq",802.372503652726,"SSP1","max"
"Light truck","BEV300",2030,"Manufacturing","Vehicle production","ipcc_2013","kg CO2 eq",938.536802503034,"SSP1","max"
"Car","ICEV-G",2030,"Manufacturing","Vehicle production","ipcc_2013","kg CO2 eq",785.55858717462,"","max"
"Light truck","ICEV-G",2030,"Manufacturing","Vehicle production","ipcc_2013","kg CO2 eq",1036.99151922868,"","max"
"Car","BEV100",2030,"Manufacturing","Battery production","ipcc_2013","kg CO2 eq",3763.29801744847,"SSP2","max"
"Light truck","BEV100",2030,"Manufacturing","Battery production","ipcc_2013","kg CO2 eq",5422.44352062375,"SSP2","max"
"Car","BEV300",2030,"Manufacturing","Battery production","ipcc_2013","kg CO2 eq",10328.779129605,"SSP2","max"
"Light truck","BEV300",2030,"Manufacturing","Battery production","ipcc_2013","kg CO2 eq",12264.735430833,"SSP2","max"
"Car","BEV100",2030,"Manufacturing","Vehicle production","ipcc_2013","kg CO2 eq",238.3140749,"SSP2","max"
"Light truck","BEV100",2030,"Manufacturing","Vehicle production","ipcc_2013","kg CO2 eq",238.3140749,"SSP2","max"
"Car","BEV300",2030,"Manufacturing","Vehicle production","ipcc_2013","kg CO2 eq",238.3140749,"SSP2","max"
"Light truck","BEV300",2030,"Manufacturing","Vehicle production","ipcc_2013","kg CO2 eq",238.3140749,"SSP2","max"
"Car","BEV100",2030,"Energy","Fuel Production","ipcc_2013","kg CO2 eq",17439.3949159469,"SSP2","max"
"Light truck","BEV100",2030,"Energy","Fuel Production","ipcc_2013","kg CO2 eq",26303.5900142162,"SSP2","max"
"Car","BEV300",2030,"Energy","Fuel Production","ipcc_2013","kg CO2 eq",26088.2969066566,"SSP2","max"
"Light truck","BEV300",2030,"Energy","Fuel Production","ipcc_2013","kg CO2 eq",35499.3626779597,"SSP2","max"
"Car","BEV100",2030,"Manufacturing","Vehicle production","ipcc_2013","kg CO2 eq",1721.30140247958,"SSP2","max"
"Light truck","BEV100",2030,"Manufacturing","Vehicle production","ipcc_2013","kg CO2 eq",1870.90903654246,"SSP2","max"
"Car","BEV300",2030,"Manufacturing","Vehicle production","ipcc_2013","kg CO2 eq",1710.08634119758,"SSP2","max"
"Light truck","BEV300",2030,"Manufacturing","Vehicle production","ipcc_2013","kg CO2 eq",1865.82353854489,"SSP2","max"
"Car","BEV100",2030,"Manufacturing","Vehicle production","ipcc_2013","kg CO2 eq",3505.78249780928,"SSP2","max"
"Light truck","BEV100",2030,"Manufacturing","Vehicle production","ipcc_2013","kg CO2 eq",4076.70553247948,"SSP2","max"
"Car","BEV300",2030,"Manufacturing","Vehicle production","ipcc_2013","kg CO2 eq",3403.89734900379,"SSP2","max"
"Light truck","BEV300",2030,"Manufacturing","Vehicle production","ipcc_2013","kg CO2 eq",3980.27231371629,"SSP2","max"
"Car","BEV100",2030,"Manufacturing","Vehicle production","ipcc_2013","kg CO2 eq",794.062591972026,"SSP2","max"
"Light truck","BEV100",2030,"Manufacturing","Vehicle production","ipcc_2013","kg CO2 eq",918.395990276655,"SSP2","max"
"Car","BEV300",2030,"Manufacturing","Vehicle production","ipcc_2013","kg CO2 eq",802.372503652726,"SSP2","max"
"Light truck","BEV300",2030,"Manufacturing","Vehicle production","ipcc_2013","kg CO2 eq",938.536802503034,"SSP2","max"
"Car","BEV100",2030,"Manufacturing","Battery production","ipcc_2013","kg CO2 eq",3763.29801744847,"SSP5","max"
"Light truck","BEV100",2030,"Manufacturing","Battery production","ipcc_2013","kg CO2 eq",5422.44352062375,"SSP5","max"
"Car","BEV300",2030,"Manufacturing","Battery production","ipcc_2013","kg CO2 eq",10328.779129605,"SSP5","max"
"Light truck","BEV300",2030,"Manufacturing","Battery production","ipcc_2013","kg CO2 eq",12264.735430833,"SSP5","max"
"Car","BEV100",2030,"Manufacturing","Vehicle production","ipcc_2013","kg CO2 eq",238.3140749,"SSP5","max"
"Light truck","BEV100",2030,"Manufacturing","Vehicle production","ipcc_2013","kg CO2 eq",238.3140749,"SSP5","max"
"Car","BEV300",2030,"Manufacturing","Vehicle production","ipcc_2013","kg CO2 eq",238.3140749,"SSP5","max"
"Light truck","BEV300",2030,"Manufacturing","Vehicle production","ipcc_2013","kg CO2 eq",238.3140749,"SSP5","max"
"Car","BEV100",2030,"Energy","Fuel Production","ipcc_2013","kg CO2 eq",16427.4585423546,"SSP5","max"
"Light truck","BEV100",2030,"Energy","Fuel Production","ipcc_2013","kg CO2 eq",25073.4665357382,"SSP5","max"
"Car","BEV300",2030,"Energy","Fuel Production","ipcc_2013","kg CO2 eq",22625.5297355038,"SSP5","max"
"Light truck","BEV300",2030,"Energy","Fuel Production","ipcc_2013","kg CO2 eq",31467.6074024333,"SSP5","max"
"Car","BEV100",2030,"Manufacturing","Vehicle production","ipcc_2013","kg CO2 eq",1721.30140247958,"SSP5","max"
"Light truck","BEV100",2030,"Manufacturing","Vehicle production","ipcc_2013","kg CO2 eq",1870.90903654246,"SSP5","max"
"Car","BEV300",2030,"Manufacturing","Vehicle production","ipcc_2013","kg CO2 eq",1710.08634119758,"SSP5","max"
"Light truck","BEV300",2030,"Manufacturing","Vehicle production","ipcc_2013","kg CO2 eq",1865.82353854489,"SSP5","max"
"Car","BEV100",2030,"Manufacturing","Vehicle production","ipcc_2013","kg CO2 eq",3551.63638385341,"SSP5","max"
"Light truck","BEV100",2030,"Manufacturing","Vehicle production","ipcc_2013","kg CO2 eq",4128.81879510463,"SSP5","max"
"Car","BEV300",2030,"Manufacturing","Vehicle production","ipcc_2013","kg CO2 eq",3453.48810777027,"SSP5","max"
"Light truck","BEV300",2030,"Manufacturing","Vehicle production","ipcc_2013","kg CO2 eq",4037.96226440885,"SSP5","max"
"Car","BEV100",2030,"Manufacturing","Vehicle production","ipcc_2013","kg CO2 eq",785.930400353296,"SSP5","max"
"Light truck","BEV100",2030,"Manufacturing","Vehicle production","ipcc_2013","kg CO2 eq",909.153697548466,"SSP5","max"
"Car","BEV300",2030,"Manufacturing","Vehicle production","ipcc_2013","kg CO2 eq",793.577577255013,"SSP5","max"
"Light truck","BEV300",2030,"Manufacturing","Vehicle production","ipcc_2013","kg CO2 eq",928.305483546655,"SSP5","max"
